"FACULTAD DE CIENCIAS FÍSICO MATEMATICAS Y NATURALES","","","","","","","","","","","","","","","","","","","","","","","","","",""
"CARRERA","NIVEL","OCD N.°","OCS N.° ","RESOLUCIÓN MINISTERIAL N.° ","RES. CONEAU","OBSERVACIONES","","","","","","","","","","","","","","","","","","","",""
"INGENIERÍA EN COMPUTACIÓN ","GRADO","OCD N.° 28/12","OCS N.° 2/13","RESOLUCIÓN MINISTERIAL N.° 403/2021 ","RES. CONEAU 240/18","RM 1553/12 MENCIONA OCD N.° 16/11 Y OCS N.° 39/09 ","","","","","","","","","","","","","","","","","","","",""
"INGENIERÍA EN INFORMÁTICA","GRADO","OCD N.° 2/25","OCS N.° 30/25","RESOLUCIÓN MINISTERIAL N.° 2105/20","RES. CONEAU 239/18","RM ANTERIOR 1484/12 ---ESPERAR RM NUEVA (OCD 3/25 Correlatividades y OCD 4/25 Transición)","","","","","","","","","","","","","","","","","","","",""
"INGENIERÍA ELECTRÓNICA CON ORIENTACIÓN EN SISTEMA DIGITALES","GRADO","OCD N.° 6/24","OCS N.° 33/25","RESOLUCIÓN MINISTERIAL N.° 258/10","RES. CONEAU 1212/15","RM TIENE RECONOCIMIENTO OFICIAL POR 6 AÑOS---ESPERAR RM NUEVA (OCD 7/24 Correlatividades y OCD 5/25 Transición)","","","","","","","","","","","","","","","","","","","",""
"INGENIERÍA EN MINAS","GRADO","OCD N.° 11/23","OCS N.° 2/24","RESOLUCIÓN MINISTERIAL N.° 2321/15","RES. CONEAU 896/13","RM MENCIONA OCS N.° 26/08 Salió la OCD 11/2023 ratificada por OCS N.° 2/2024 - Plan de Transición OCD N.° 13/23 - Reg. correlatividades OCD N.° 12/23 ","","","","","","","","","","","","","","","","","","","",""
"LICENCIATURA EN ANÁLISIS Y GESTIÓN DE DATOS","GRADO","OCD N.° 1/22 FCFMyN  Y OCD 9/22","OCS N.° 27/22","RESOLUCION MINISTERIAL N.° 3490/22","","","","","","","","","","","","","","","","","","","","","",""
"LICENCIATURA EN CIENCIAS DE LA COMPUTACIÓN","GRADO","OCD N.° 1/23","OCS N.° 14/23","RESOLUCIÓN MINISTERIAL N.° 1049/14 y 1023/14 (Titulo Intermedio Analista programador)","RES. CONEAU 647/12","RM MENCIONA OCS N.° 34/11","","","","","","","","","","","","","","","","","","","",""
"LICENCIATURA EN CIENCIAS GEOLÓGICAS","GRADO","OCD N.° 2/22","OCS N.° 18/22","RESOLUCIÓN MINISTERIAL N.° 922/2024","RES. CONEAU 266/23 y 277/23","","","","","","","","","","","","","","","","","","","","",""
"LICENCIATURA EN CIENCIAS MATEMÁTICAS","GRADO","OCD N.° 9/17","OCS N.° 28/17","RESOLUCIÓN MINISTERIAL N.° 287/08","","RM MENCIONA OCS N.° 24/6 Y OCD N.° 18/06. ","","","","","","","","","","","","","","","","","","","",""
"LICENCIATURA EN FÍSICA","GRADO","OCD N.° 15/06","OCS N.° 16/06","RESOLUCIÓN MINISTERIAL N.° 889/05","","RM MENCIONA LAS OCS N.° 22/03 Y 7/05, Y LAS OCD N.° 25/02 Y 1/05 FALTA PDF 1/05","","","","","","","","","","","","","","","","","","","",""
"PROFESORADO EN CIENCIAS DE LA COMPUTACIÓN","GRADO","OCD N.° 2/16","OCS N.° 31/16","RESOLUCIÓN MINISTERIAL N.° 816/20","","","","","","","","","","","","","","","","","","","","","",""
"PROFESORADO EN FÍSICA","GRADO","OCD N.° 16/06","OCS N.° 40/99","RESOLUCIÓN MINISTERIAL N.° 609/00","","","","","","","","","","","","","","","","","","","","","",""
"PROFESORADO EN MATEMÁTICA","GRADO","OCD N.° 21/13","OCS N.° 65/13","RESOLUCIÓN MINISTERIAL N.° 176/16","","","","","","","","","","","","","","","","","","","","","",""
"PROFESORADO EN TECNOLOGÍA ELECTRÓNICA","GRADO","OCD N.° 5/09","OCS N.° 29/09","RESOLUCIÓN MINISTERIAL N.° 1330/10","","","","","","","","","","","","","","","","","","","","","",""
"TECNICATURA UNIVERSITARIA EN ELECTRÓNICA ","PREGRADO","OCD N.° 15/13","OCS N.° 38/13","RESOLUCIÓN MINISTERIAL N. ° 2258/18","","RM MENCIONA LA OCS N.° 24/13 Y LA 40/11","","","","","","","","","","","","","","","","","","","",""
"TECNICATURA UNIVERSITARIA EN ENERGIAS RENOVABLES ","PREGRADO","OCD N.° 5/13","OCS N.° 23/13","RESOLUCIÓN MINISTERIAL N.° 1085/17","","RM MENCIONA LA OCS N.° 1/12 Y LA OCS N.° 52/12 ----- OCD N.° 8/2025 y su ratificación OCS N.° 37/25 Modifica Alcances del Título.","","","","","","","","","","","","","","","","","","","",""
"TECNICATURA UNIVERSITARIA EN FOTOGRAFÍA","PREGRADO","OCD N.° 2/18","OCS N.° 15/15","RESOLUCIÓN MINISTERIAL N.° 293/17","","","","","","","","","","","","","","","","","","","","","",""
"TECNICATURA UNIVERSITARIA EN MINERIA ","PREGRADO","OCD N.° 4/20 Y 12/21","OCS N.° 21/21 - RATIFICA LA 12/21","RESOLUCION MINISTERIAL N.° 3937/21","","FALTA LA OCS N.° 19/20 QUE DEBE RAT. 4/20","","","","","","","","","","","","","","","","","","","",""
"TECNICATURA UNIVERSITARIA EN OBRAS VIALES","PREGRADO","OCD N.° 1/18","OCS N.° 22/21","RESOLUCIÓN MINISTERIAL N.° 1142/10","","RM MENCIONA LA OCD N.° 14/09 Y LA OCS N.° 32/09 - La OCD N.° 6/2025 y su ratificación OCS N.° 18/2025 rectifica el régimen de correlatividades ","","","","","","","","","","","","","","","","","","","",""
"TECNICATURA UNIVERSITARIA EN REDES DE COMPUTADORAS","PREGRADO","OCD N.° 12/15","OCS N.° 28/15","RESOLUCIÓN MINISTERIAL N.° 212/05","","RM MENCIONA OCD 7/4 Y OCS 33/04 (BAJAR LOS PDF)","","","","","","","","","","","","","","","","","","","",""
"TECNICATURA UNIVERSITARIA EN TELECOMUNICACIONES","PREGRADO","OCD N.° 16/13","OCS N.° 39/13","RESOLUCIÓN MINISTERIAL N.° 178/15","","RM MENCIONA LAS OCS N.° 22/12 Y 23/10 TENGO PDF DE LAS QUE MENCIONA","","","","","","","","","","","","","","","","","","","",""
"TECNICATURA UNIVERISTARIA EN TELEDETECCIÓN (T-SIG.)","PREGRADO","OCD N.° 13/22","OCS N.° 54/22","RESOLUCIÓN MINISTERIAL N.° 1174/23","","","","","","","","","","","","","","","","","","","","","",""
"TECNICATURA UNIVERSITARIA WEB","PREGRADO","OCD N.° 8/13","OCS N.° 29/13","RESOLUCIÓN MINISTERIAL N.° 715/21","","RM MENCIONA OCS18/20 Y OCD-3/20 FALTA PDF 18/20","","","","","","","","","","","","","","","","","","","",""
"","","","","","","","","","","","","","","","","","","","","","","","","","",""
"","","","","","","","","","","","","","","","","","","","","","","","","","",""
"FACULTAD DE CIENCIAS HUMANAS","","","","","","","","","","","","","","","","","","","","","","","","","",""
"CARRERA","NIVEL","OCD N.° ","OCS N.° ","RESOLUCIÓN MINISTERIAL N.° ","","OBSERVACIONES","","","","","","","","","","","","","","","","","","","",""
"PROFESORADO UNIVERSITARIO EN LETRAS","GRADO","OCD N.° 5/25","OCS N.º 36/25","RESOLUCIÓN MINISTERIAL N.º 225/17","","FALTA LA OCD N.º 9/15. TIENE MODIFICACIONES Y RECTIFICACIONES ","","","","","","","","","","","","","","","","","","","",""
"PROFESORADO DE EDUCACIÓN ESPECIAL","GRADO","OCD N.º 13/00 ","OCS N.º 36/01","RESOLUCIÓN MINISTERIAL N.º 569/02","DISP. 1441/06","FALTA PDF DE RM Y LA OCD N.º 3/05 QUE ES UNA RECTIFICATORIA (ESTAN EN PAPEL)","","","","","","","","","","","","","","","","","","","",""
"PROFESORADO EN EDUCACIÓN INICIAL","GRADO","OCD N.º 11/09","OCS N.º 33/09","RESOLUCIÓN MINISTERIAL N.º 1198/10","","","","","","","","","","","","","","","","","","","","","",""
"LICENCIATURA EN EDUCACIÓN INICIAL","GRADO","OCD N.º 10/11","OCS N.º 2/12","RESOLUCIÓN MINISTERIAL N.º 420/13","","","","","","","","","","","","","","","","","","","","","",""
"PROFESORADO EN CIENCIAS DE LA EDUCACIÓN","GRADO","OCD N.º 20/99 Y 12/04","OCS N.º 2/00 Y 37/04","RESOLUCIÓN MINISTERIAL N.º 1374/05","DISP. 1876/13","FALTA PDF DE LA OCD N.º 12/04 (ESTAN EN PAPEL)","","","","","","","","","","","","","","","","","","","",""
"LICENCIATURA EN CIENCIAS DE LA EDUCACIÓN","GRADO","OCD N.º 20/99 Y 12/04","OCS N.º 2/00 Y 37/04","RESOLUCIÓN MINISTERIAL N.º 1374/05","DISP. 1935/13 y DISP. 2373/2019","FALTA PDF DE LA OCD N.º 12/04 (IGUAL LICENCIATURA Y PROFESORADO) LA DISP. 2373/2019 HABILITA EMISIÓN DE DIPLOMAS PREVIOS AL REC. OFICIAL ","","","","","","","","","","","","","","","","","","","",""
"LICENCIATURA EN EDUCACIÓN ESPECIAL","GRADO CCC","OCD N.º 10/17 Y 12/16","OCS N.º 57/16 Y 43/17","RESOLUCIÓN MINISTERIAL N.º 381/19","","","","","","","","","","","","","","","","","","","","","",""
"PROFESORADO UNIVERSITARIO EN EDUCACIÓN PRIMARIA","GRADO","OCD N.º 7/14","OCS N.º 28/14","RESOLUCIÓN MINISTERIAL N.º 3102/15","","","","","","","","","","","","","","","","","","","","","",""
"LICENCIATURA EN COMUNICACIÓN SOCIAL","GRADO","OCD N.º 9/07","OCS N.º 2/08","RESOLUCIÓN MINISTERIAL N.º 491/09","","","","","","","","","","","","","","","","","","","","","",""
"LICENCIATURA EN PRODUCCIÓN DE RADIO Y TV","GRADO","OCD N.º 12/09","OCS N.º 39/09","RESOLUCIÓN MINISTERIAL N.º 1678/10","","","","","","","","","","","","","","","","","","","","","",""
"LICENCIATURA EN PERIODISMO","GRADO","OCD N.º 13/09","OCS N.º 38/09","RESOLUCIÓN MINISTERIAL N.º 1521/10","","","","","","","","","","","","","","","","","","","","","",""
"PROFESORADO UNIVERSITARIO EN MÚSICA POPULAR LATINOAMERICANA","GRADO","OCD N.º 8/16","OCS N.º 45/16","RESOLUCIÓN MINISTERIAL N.º 2379/18","","OCD N.° 11/2023 y su ratificación OCS N.° 58/2023 modifica cambio de cuatrimestre de DOS espacios curriculares","","","","","","","","","","","","","","","","","","","",""
"TECNICATURA UNIVERSITARIA EN PRODUCCIÓN MUSICAL","PREGRADO","OCD N.º 14/18","OCS N.º 43/18 y OCS N.° 16/22","RESOLUCIÓN MINISTERIAL N.º 1233/1995","RES. SPU N.° 18/2023 Titulo intermedio Tec. Universitario Producción Musical ","","","","","","","","","","","","","","","","","","","","",""
"PROFESORADO UNIVERSITARIO EN TEATRO","GRADO","OCD N.° 9/16","OCS N.° 46/16","RESOLUCIÓN MINISTERIAL N.° 2096/20","","OCD N.° 12/2023 y su ampliatoria OD N.° 3/2023 (Modifica espacios curriculares del plan de estudios) OCS N.° 29/2024 Ratifica 12/2023 y ampliatoria","","","","","","","","","","","","","","","","","","","",""
"","","","","","","","","","","","","","","","","","","","","","","","","","",""
"FACULTAD DE CIENCIAS DE LA SALUD","","","","","","","","","","","","","","","","","","","","","","","","","",""
"CARRERA","NIVEL","OCD N.° ","OCS N.° ","RESOLUCIÓN MINISTERIAL N.° ","","OBSERVACIONES","","","","","","","","","","","","","","","","","","","",""
"LICENCIATURA EN FONOAUDIOLOGÍA","GRADO","OCD N.° 1/2024","OCS N.° 23/24","DISP. MINISTERIO DE EDUCACIÓN N.° 8/25","","OCD N.° 1/2024 TO Plan de Estudios ratificada por OCS N.° 23/2024 ","","","","","","","","","","","","","","","","","","","",""
"LICENCIATURA EN KINESIOLOGÍA Y FISIATRÍA","GRADO","-","OCS N.º 11/13","RESOLUCIÓN MINISTERIAL N. 1244/14","","OCS ES LA DE CREACIÓN","","","","","","","","","","","","","","","","","","","",""
"LICENCIATURA EN ENFERMERÍA","GRADO","OCD N.º 2/18","OCS N.º 8/18","RESOLUCIÓN MINISTERIAL N.º 2444/19 (Lic. en Enfermería) y RM N.°  2887/23 (Título intermedio Enfermero Universitario)","RES. CONEAU N.° 8/2018- RES. CONEAU 151/2024 EXTIENDE ACREDITACIÓN DE LA 8/2018","RM 2887/23- OCD N.° 3/2023 mod. la OCD N.° 2/2018 OCS N.° 31/2023","","","","","","","","","","","","","","","","","","","",""
"LICENCIATURA EN NUTRICIÓN","GRADO","OCD N.º 7/10 Y 11/9","OCS N.º 16/10","RESOLUCIÓN MINISTERIAL N.º 1861/11","","","","","","","","","","","","","","","","","","","","","",""
"LICENCIATURA EN TERAPIA OCUPACIONAL ","GRADO","OCD N.° 5/2025","----","","","ESPERAR RM- ES CREACIÓN - y esperar las ratificaciones del CS- la OCD N.° 5/2025 (Reg. Correlatividades)","","","","","","","","","","","","","","","","","","","",""
"","","","","","","","","","","","","","","","","","","","","","","","","","",""
"FACULTAD DE TURISMO Y URBANISMO","","","","","","","","","","","","","","","","","","","","","","","","","",""
"CARRERA","NIVEL","OCD N.° ","OCS N.° ","RESOLUCIÓN MINISTERIAL N.° ","","OBSERVACIONES","","","","","","","","","","","","","","","","","","","",""
"LICENCIATURA EN GESTIÓN PARA EL DESARROLLO URBANO Y REGIONAL","GRADO","-","OCS N.º 49/19","RESOLUCIÓN MINISTERIAL N.°  589/20","","","","","","","","","","","","","","","","","","","","","",""
"LICENCIATURA EN HOTELERÍA","GRADO","OCD N.º 5/21","OCS N.º 2/14 Y 13/22","RESOLUCIÓN MINISTERIAL N.° 994/15","","","","","","","","","","","","","","","","","","","","","",""
"LICENCIATURA EN TURISMO ","GRADO","-","OCS N.º 3/14","RESOLUCIÓN MINISTERIAL N.°  1303/15","","","","","","","","","","","","","","","","","","","","","",""
"TECNICATURA UNIVERSITARIA EN PARQUES, JARDINES Y FLORICULTURA","PREGRADO","-","OCS N.º 11/97","RESOLUCIÓN MINISTERIAL N.° 283/03","","","","","","","","","","","","","","","","","","","","","",""
"TECNICATURA UNIVERSITARIA EN PRODUCCIÓN DE PLANTAS AROMÁTICAS","PREGRADO ","-","OCS N.º 4/16, 38/08 Y 56/19","RESOLUCIÓN MINISTERIAL N.°  31/09","","","","","","","","","","","","","","","","","","","","","",""
"TECNICATURA UNIVERSITARIA EN GESTIÓN HOTELERA","PREGRADO","-","OCS N.º 29/04","RESOLUCIÓN MINISTERIAL N.°  1569/04","","","","","","","","","","","","","","","","","","","","","",""
"TECNICATURA UNIVERSITARIA EN GESTIÓN TURÍSTICA","PREGRADO","-","OCS N.º 48/03 Y 37/11","RESOLUCIÓN MINISTERIAL N.°  917/04","","","","","","","","","","","","","","","","","","","","","",""
"GUÍA UNIVERISTARIO DE TURISMO","PREGRADO","OCD N.° 6/2023","OCS N.º 18/2024","RESOLUCIÓN MINISTERIAL N.°  1289/08","OCS N.° 14/08 Creación - OCD N° 7/23 y su ratificación OCS N.° 19/24 Reg. correlatividades ","","","","","","","","","","","","","","","","","","","","",""
"FACULTAD DE INGENIERIA Y CIENCIAS AGROPECUARIAS ","","","","","","","","","","","","","","","","","","","","","","","","","",""
"CARRERA","NIVEL","OCD N.° ","OCS N.° ","RESOLUCIÓN MINISTERIAL N.° ","","OBSERVACIONES","","","","","","","","","","","","","","","","","","","",""
"INGENIERIA AGRONOMICA ","GRADO","OCD N.º 19/2024 -rect. OCD N.° 3/2025","OCS N.º 12/2025","RESOLUCIÓN MINISTERIAL N.° 37/18","RES. CONEAU N.° 2017/15 y 296/16","OCD N.° 19/2024 y su rectificatoria OCD N.° 3/2025 del Plan de Estudios OCS N.° 12/2025- OCS N.° 13/2025 Ratifica Plan de Transición- OCS N.° 14/2025 Ratif. Ciclo optativo- OCS N.° 15/2025 Ratif. Reg. Correlatividades-  ESPERAR RM","","","","","","","","","","","","","","","","","","","",""
"LICENCIATURA EN BROMATOLOGIA ","GRADO","OCD N.°  6/2021 ","OCS N.° 51/21","RESOLUCIÓN MINISTERIAL N.° 847/23","","","","","","","","","","","","","","","","","","","","","",""
"INGENIERIA EN ALIMENTOS","GRADO"," OCD N.º 22/22","OCS N.º 28/23","RESOLUCIÓN MINISTERIAL N.°  2812/15","RES. CONEAU N.° 897/13","OCD N.° 25/2023 Plan de Estudios Definitivo OCS N.° 53/2023 ESPERAR RM ","","","","","","","","","","","","","","","","","","","",""
"INGENIERÍA ELECTROMECÁNICA","GRADO"," OCD N.º 25/22","OCS N. 25/23","RESOLUCION MINISTERIAL N.° 1789/98","RES. CONEAU N.° 948/10","OCD N.° 22/2023 Plan de Estudios Definitivo OCS N.° 51/2023 ESPERAR RM ","","","","","","","","","","","","","","","","","","","",""
"INGENIERÍA ELECTRÓNICA","GRADO ","OCD N.º 23/22","OCS N.º 30/23","RESOLUCIÓN MINISTERIAL N.°  2018/15 y RM 1161/14","RES. CONEAU N.° 898/13","OCD N.° 18/2023 Plan de Estudios Definitivo OCS N.° 52/2023 ESPERAR RM ","","","","","","","","","","","","","","","","","","","",""
"INGENIERÍA INDUSTRIAL","GRADO","OCD N.º 20/22","OCS N.º 29/23","RESOLUCIÓN MINISTERIAL N.° 2679/16","RES. CONEAU N.° 512/14","OCD N.° 31/2023 Plan de Estudios Definitivo OCS N.° 57/2023 ESPERAR RM ","","","","","","","","","","","","","","","","","","","",""
"INGENIERÍA MECATRÓNICA ","GRADO","OCD N.º 19/22","OCS  N.º 26/23","RESOLUCIÓN MINISTERIAL N.°  570/21","","OCD N.° 29/2023 Plan de Estudios Definitivo OCS N.° 55/2023 ESPERAR RM ","","","","","","","","","","","","","","","","","","","",""
"INGENIERÍA QUÍMICA","GRADO","OCD N.º 21/22 ","OCS N.º 27/23","RESOLUCIÓN MINISTERIAL N.° 318/15","RES. CONEAU N.° 949/10","OCD N.° 17/2023 Plan de Estudios Definitivo OCS N.° 50/2023 ESPERAR RM ","","","","","","","","","","","","","","","","","","","",""
"TECNICATURA UNIVERSITARIA EN AUTOMATIZACIÓN INDUSTRIAL ORIENTACIÓN INFORMÁTICA","PREGRADO","OCD N.º 10/08 Y 13/15","OCS N.º 21/09","RESOLUCIÓN MINISTERIAL N.°  1243/10","","","","","","","","","","","","","","","","","","","","","",""
"TECNICATURA UNIVERSITARIA EN MANTENIMIENTO INDUSTRIAL","PREGRADO","OCD N.°  1/05 Y 23/15","OCS  N.° 6/05 Y 7/16","RESOLUCIÓN MINISTERIAL N.° 958/05","","","","","","","","","","","","","","","","","","","","","",""
"BROMATOLOGÍA","PREGRADO","OCD N.° 8/11 Y 16/12 TO","OCS N.° 14/11 Y 14/13","RESOLUCIÓN MINISTERIAL N.°  1526/15","","","","","","","","","","","","","","","","","","","","","",""
"","","","","","","","","","","","","","","","","","","","","","","","","","",""
"FACULTAD DE CIENCIAS ECONÓMICAS, JURÍDICAS Y SOCIALES","","","","","","","","","","","","","","","","","","","","","","","","","",""
"CARRERA","NIVEL","OCD N.° ","OCS N.° ","RESOLUCIÓN MINISTERIAL N.° ","","OBSERVACIONES","","","","","","","","","","","","","","","","","","","",""
"ABOGACÍA","GRADO","OCD N.º 8/18 Y 14/18","OCS N.º 48/18","RESOLUCIÓN MINISTERIAL N.°  695/22","RES. CONEAU N.° 520/20","","","","","","","","","","","","","","","","","","","","",""
"CONTADOR PÚBLICO NACIONAL","GRADO","OCD N.º 11/18","OCS N.º 21/19 Y 37/20","RESOLUCIÓN MINISTERIAL N.°  3203/22","RES. CONEAU N.° 562/20","","","","","","","","","","","","","","","","","","","","",""
"LICENCIATURA EN ADMINISTRACIÓN","GRADO","OCD N.º 7/19","OCS N.° 52/19","RESOLUCION MINISTERIAL N.° 557/22","","","","","","","","","","","","","","","","","","","","","",""
"LICENCIATURA EN TRABAJO SOCIAL","GRADO","OCD N.º 24/11 y OCD N.° 6/13","OCS N.º 3/12 Y 49/13","RESOLUCIÓN MINISTERIAL N.° 2091/14","DISPO. 482/2018 AUTORIZA A PRESENTAR DIPLOMAS PREVIOS AL RECONONOCIMIENTO OFICIAL","","","","","","","","","","","","","","","","","","","","",""
"PROCURADOR","GRADO","OCD N.º 10/09 y 14/15","OCS N.º 17/09 Y 8/16","RESOLUCIÓN MINISTERIAL N.° 1003/19","","","","","","","","","","","","","","","","","","","","","",""
"LICENCIATURA EN ACOMPAÑAMIENTO TERAPÉUTICO - CCC","GRADO - CCC","OCD N.º 13/22","OCS N.º 53/22","-","","FALTA RM.","","","","","","","","","","","","","","","","","","","",""
"LICENCIATURA EN ADMINISTRACIÓN Y GESTIÓN DE INSTITUCIONES UNIVERSITARIAS ","GRADO - CCC","OCD N.º 9/20","OCS N.º 8/21","RESOLUCIÓN MINISTERIAL N.°  2143/22","","","","","","","","","","","","","","","","","","","","","",""
"LICENCIATURA EN ANÁLISIS Y GESTIÓN DE DATOS","-","-","-","-","","IDEM FCFMyN","","","","","","","","","","","","","","","","","","","",""
"LIC. EN SEGURIDAD PÚBLICA- CCC","GRADO -CCC","","OCS N.° 46/2024","ESPERAR RM ","OCS N.° 46/2024 Creación de la carrera - OCS N.° 47/2024 Régimen Dictado y Correlatividades","","","","","","","","","","","","","","","","","","","","",""
"TECNICATURA UNIVERSITARIA EN ACOMPAÑAMIENTO TERAPÉUTICO","PREGRADO","OCD N.º 8/20","OCS N.º 9/21 Y 13/21","RESOLUCIÓN MINISTERIAL N.° 3774/21","","","","","","","","","","","","","","","","","","","","","",""
"TECNICATURA UNIVERSITARIA EN ASISTENCIA JURÍDICA","PREGRADO"," OCD N.º 9/09","OCS N.º 18/09 Y 9/16","RESOLUCIÓN MINISTERIAL N.°  1509/19 Y RM 592/18","","RM 1509/19 Rectifica reemplazando el anexo del Plan de Estudios ","","","","","","","","","","","","","","","","","","","",""
"TECNICATURA UNIVERSITARIA EN GESTIÓN FINANCIERA ","PREGRADO","OCD N.º 15/12","OCS N.º 51/12","RESOLUCIÓN MINISTERIAL N.°  1149/15","","","","","","","","","","","","","","","","","","","","","",""
"MARTILLERO Y CORREDOR PUBLICO NACIONAL ","PREGRADO","OCD N.° 11/15","OCS N.° 61/15","RESOLUCIÓN MINISTERIAL N.° 2182/19","","","","","","","","","","","","","","","","","","","","","",""
"LIC. EN GESTIÓN Y ADMINISTRACIÓN DE INSTITUCIONES UNIV. ","GRADO- CCC","OCD N.° 9/20","OCS  N.° 8/21","RESOLUCIÓN MINISTERIAL N.° 2143/22","","","","","","","","","","","","","","","","","","","","","",""
"FACULTAD DE QUÍMICA, BIOQUÍMICA Y FARMACIA ","","","","","","","","","","","","","","","","","","","","","","","","","",""
"CARRERA","NIVEL","OCD N.° ","OCS N.° ","RESOLUCIÓN MINISTERIAL N.° ","","OBSERVACIONES","","","","","","","","","","","","","","","","","","","",""
"FARMACIA","GRADO","OCD N.° 18/2024","OCS N.º 9/2025","RESOLUCIÓN MINISTERIAL N.° 834/17 ","RES. CONEAU N.° 703/15","OCD N.° 18/2024 modifica el Plan de Estudios- OCS N.° 10/2025 Ratifica Plan de Transición y OCS N.° 11/2025 Ratifica Reg. Correlatividades.","","","","","","","","","","","","","","","","","","","",""
"INGENIERÍA EN ALIMENTOS","GRADO","OCD N.° 12/2023","OCS N.º 60/23","RESOLUCIÓN MINISTERIAL N.° 1745/15","RES. CONEAU N.° 559/11","OCD N.° 12/2023 modifica el Plan de Estudios 38/11- OCS N.° 60/2023 - OCS 6/24 Ratifica Reg. correlatividades y OCS N.° 5/24 Ratifica Plan Trancición. ","","","","","","","","","","","","","","","","","","","",""
"LICENCIATURA EN BIOLOGÍA MOLECULAR","GRADO"," OCD N.º 11/15 Y 15/14","OCS N.º 58/15","RESOLUCIÓN MINISTERIAL N.° 1114/17","","","","","","","","","","","","","","","","","","","","","",""
"LICENCIATURA EN BIOQUÍMICA","GRADO","OCD N.º 1/2025","OCS N.º 6/2025","RESOLUCIÓN MINISTERIAL N.°  319/17","RES. CONEAU N.° 704/15","OCD N.° 1/2025 mofifica el Plan de Estudios OCD 11/10 (OCS N.° 6/2025) - OCS 8/2025 Ratifica Reg. Correlatividades y OCS N.° 7/2025 Ratifica Plan de Transición. ","","","","","","","","","","","","","","","","","","","",""
"LICENCIATURA EN BIOTECNOLOGÍA ","GRADO","OCD N.º 7/17","OCS N .º 44/17","RESOLUCIÓN MINISTERIAL N.°  516/20","RES. CONEAU N.° 165/19","","","","","","","","","","","","","","","","","","","","",""
"LICENCIATURA EN CIENCIAS BIOLÓGICAS ","GRADO"," OCD N.º 8/13","OCS N.º 40/13","RESOLUCIÓN MINISTERIAL N.°  563/16","RES. CONEAU N.° 408/14","","","","","","","","","","","","","","","","","","","","",""
"LICENCIATURA EN CIENCIA Y TECNOLOGÍA DE LOS ALIMENTOS","GRADO","OCD N.º 12/14","OCS N.º 25/14","RESOLUCIÓN MINISTERIAL N.°  2921/15","","","","","","","","","","","","","","","","","","","","","",""
"LICENCIATURA EN QUÍMICA ","GRADO","OCD N.º 12/21","OCS N.º 22/23","RESOLUCION MINISTERIAL N.° 1022/14","RES. CONEAU 286/23","RM MENCIONA OCS N.° 31/12 - OCD N.° 1/2023 y su ratif. OCS N.° 24/2023 (La OCD 1/23 amplia la OCD N.° 12/2021) ","","","","","","","","","","","","","","","","","","","",""
"LIC. HIGIENE Y SEG. EN EL TRABAJO","GRADO CCC","OCD N.° 6/21","OCS N.° 43/21","RESOLUCION MINISTERIAL N.° 3148/22","","LA RM MENCIONA ADEMAS OCS 20/22 Y 25/22 (ESTAN EN CARPETA) (La OCD 11/22 amplia la OCD 6/21) OCD 15/11 - Reg. correlatividades","","","","","","","","","","","","","","","","","","","",""
"PROFESORADO UNIVERSITARIO EN BIOLOGÍA","GRADO","OCD N.º 3/18","OCS N.º 57/18","RESOLUCIÓN MINISTERIAL N.°  2459/20","","","","","","","","","","","","","","","","","","","","","",""
"PROFESORADO UNIVERSITARIO EN QUÍMICA ","GRADO"," OCD N.º 14/19","OCS N.º 67/19","RESOLUCIÓN MINISTERIAL N.° 973/05","RES. SPU 366/22 ","","","","","","","","","","","","","","","","","","","","",""
"ANALISTA QUÍMICO","PREGRADO","OCD N.º 13/12 Y 13/14","OCS N.º 11/15","RESOLUCIÓN MINISTERIAL N.°  4133/17","","","","","","","","","","","","","","","","","","","","","",""
"TECNICATURA UNIVERSITARIA EN ESTERILIZACIÓN ","PREGRADO","OCD N.º 11/18","OCS N.º 28/19","RESOLUCIÓN MINISTERIAL N.°  1630/16","","","","","","","","","","","","","","","","","","","","","",""
"TECNICATURA UNIVERSITARIA EN HIGIENE Y SEGURIDAD EN EL TRABAJO","PREGRADO","OCD N.º 8/18","OCS N.º 56/18","RESOLUCIÓN MINISTERIAL N.°  904/10","RES. SPU 265/22","","","","","","","","","","","","","","","","","","","","",""
"TECNICATURA UNIVERSITARIA EN LABORATORIOS BIOLÓGICOS","PREGRADO","OCD N.º 15/12 Y 17/14","OCS N.º 1/14","RESOLUCIÓN MINISTERIAL N.°  901/16","","","","","","","","","","","","","","","","","","","","","",""
"","","","","","","","","","","","","","","","","","","","","","","","","","",""
"","","","","","","","","","","","","","","","","","","","","","","","","","",""
"FACULTAD DE PSICOLOGÍA ","","","","","","","","","","","","","","","","","","","","","","","","","",""
"CARRERA","NIVEL","OCD N.° ","OCS N.° ","RESOLUCIÓN MINISTERIAL N.° ","","OBSERVACIONES","","","","","","","","","","","","","","","","","","","",""
"LICENCIATURA EN PSICOLOGÍA","GRADO","OCD N.º 1/15 Y 12/14","OCS N.º 14/15 Y 24/14","RESOLUCIÓN MINISTERIAL N.° 3549/17","RES. CONEAU N.° 528/17","","","","","","","","","","","","","","","","","","","","",""
"LICENCIATURA EN PSICOMOTRICIDAD","GRADO"," OCD N.º 3/16 Y 2/18","OCS N.º 50/16 Y 54/18","RESOLUCIÓN MINISTERIAL N.°  1876/20","","","","","","","","","","","","","","","","","","","","","",""
"PROFESORADO EN PSICOLOGÍA","GRADO ","OCD N.º 2/07","OCS N.º 9/08","RESOLUCIÓN MINISTERIAL N.° 334/09","","","","","","","","","","","","","","","","","","","","","",""
"","","","","","","","","","","","","","","","","","","","","","","","","","",""
"","","","","","","","","","","","","","","","","","","","","","","","","","",""
"INSTITUTO POLITÉCNICO Y ARTÍSTICO UNIVERSITARIO ""MAURICIO AMÍLCAR LÓPEZ""","","","","","","","","","","","","","","","","","","","","","","","","","",""
"CARRERA","NIVEL","OCD N.° ","OCS N.° ","RESOLUCIÓN MINISTERIAL N.° ","","OBSERVACIONES","","","","","","","","","","","","","","","","","","","",""
"TEC. UNIVERSITARIA EN ADMINISTRACION Y GESTION JUDICIAL","PREGRADO","","OCS N.° 15/2018","RESOLUCIÓN MINISTERIAL N.° 1414/2020","","","","","","","","","","","","","","","","","","","","","",""
"TEC. EN ADM. Y GESTION DE INSTITUCIONES UNIVERSITARIAS","PREGRADO","","OCS N.° 49/2018","RESOLUCION MINISTERIAL N.° 1987/2020","","","","","","","","","","","","","","","","","","","","","",""
"TEC. UNIV. EN GESTION DE ORGANIZACIONES DEPORTIVAS","PREGRADO","","OCS N.° 1/2018","RESOLUCION MINISTERIAL N.° 28/2022","","","","","","","","","","","","","","","","","","","","","",""
"TEC. UNIV. EN SECRETARIADO EJECUTIVO","PREGRADO","","OCS N.° 18/2016","RESOLUCIÓN MINISTERIAL N.° 1941/2017","","","","","","","","","","","","","","","","","","","","","",""
